{"cameraMode":{"drawMode":0,"name":"Shaded","section":"Shading Mode"},"sceneLighting":true,"audioPlay":false,"sceneViewState":{"showFog":true,"showMaterialUpdate":false,"showSkybox":true,"showFlares":true,"showImageEffects":true,"showParticleSystems":true},"in2DMode":false,"pivot":{"x":3.329571008682251,"y":-24.65345001220703,"z":134.7475128173828},"rotation":{"x":-0.09167684614658356,"y":-0.010452371090650559,"z":0.0009616527822799981,"w":-0.9957334995269775},"size":156.5146484375,"orthographic":false}